順位,作品タイトル(続編物はある時点での名前になっています）,Twitterアカウント,フォロワー数
1,鬼滅の刃,kimetsu_off,2814769
2,うまよん,uma_musu,1480512
3,進撃の巨人 Season 2,anime_shingeki,1414307
4,呪術廻戦,animejujutsu,1373056
5,ハイキュー!!,animehaikyu_com,1344637
6,僕のヒーローアカデミア,heroaca_anime,1092676
7,ラブライブ! 第2期,LoveLive_staff,1085321
8,SPY×FAMILY,spyfamily_anime,1041297
9,ソードアード・オンラインⅡ,sao_anime,994529
10,ぐらぶるっ！,granbluefantasy,972048
11,ジョジョの奇妙な冒険,anime_jojo,783024
12,BanG Dream!(バンドリ),bang_dream_info,694430
13,アイドリッシュセブン,iD7Mng_Ogami,665122
14,五等分の花嫁,5Hanayome_anime,650574
15,銀魂゜,gintamamovie,617261
16,うたの☆プリンスさまっ♪ マジLOVEレボリューションズ,utapri_official,613713
17,おそ松さん,osomatsu_PR,590853
18,Re：ゼロから始める異世界生活,Rezero_official,584519
19,文豪ストレイドッグス,bungosd_anime,552629
20,Free! Eternal Summer,iwatobi_sc,543373
21,ユーリ!!! on ICE,yurionice_PR,501956
22,Fate/stay night,Fate_SN_Anime,487925
23,東京リベンジャーズ,anime_toman,477381
24,浦島坂田船の日常,USSS_info,457703
25,かぐや様は告らせたい～天才たちの恋愛頭脳戦～,anime_kaguya,446564
26,ゆるキャン△,yurucamp_anime,431520
27,終物語,nisioisin_anime,426937
28,ご注文はうさぎですか?,usagi_anime,419156
29,PUI PUI モルカー,molcar_anime,398554
30,ヴァイオレット・エヴァーガーデン,Violet_Letter,389712
31,刀剣乱舞-花丸-,touken_hanamaru,387458
32,やはり俺の青春ラブコメはまちがっている。続,anime_oregairu,368655
33,この素晴らしい世界に祝福を！,konosubaanime,357449
34,夏目友人帳 伍,NatsumeYujincho,354115
35,ドラゴンボール超,DB_super2015,351890
36,ウマ娘 プリティーダービー,uma_musu_anime,342421
37,黒子のバスケ 第3期,kurobasanime,315613
38,じゃんたま PONG☆,MahjongSoul_JP,314673
39,アイドルマスターシンデレラガールズ,imas_anime,312200
40,響け！ユーフォニアム,anime_eupho,307664
41,弱虫ペダル GRANDE ROAD,yowapeda_anime,298979
42,約束のネバーランド,yakuneba_staff,294949
43,BORUTO-ボルト- NARUTO NEXT GENERATIONS,NARUTOtoBORUTO,291442
44,転生したらスライムだった件,ten_sura_anime,291379
45,彼女、お借りします,kanokari_anime,275066
46,ようこそ実力至上主義の教室へ,youkosozitsu,271387
47,七つの大罪,7_taizai,270462
48,その着せ替え人形は恋をする,kisekoi_anime,266482
49,ワールドトリガー,Anime_W_Trigger,258225
50,冴えない彼女の育てかた,saenai_heroine,252350
51,マギアレコード 魔法少女まどか☆マギカ外伝,magireco,248798
52,魔法科高校の劣等生,mahouka_anime,246115
53,スター・ウォーズ：ビジョンズ,starwarsjapan,245538
54,からかい上手の高木さん,takagi3_anime,244511
55,とある魔術の禁書目録Ⅲ,toaru_project,242293
56,モブサイコ100,mobpsycho_anime,236278
57,青春ブタ野郎はバニーガール先輩の夢を見ない,aobuta_anime,235081
58,名探偵コナン ゼロの日常,zerotea_file,232992
59,エロマンガ先生,oreimo_eromanga,232863
60,Fate/Grand Order -絶対魔獣戦線バビロニア-,FGOAP_ep7,230143
61,PSYCHO-PASS サイコパス 2,psychopass_tv,225944
62,探偵はもう、死んでいる。,tanteiwamou_,223718
63,アイドリッシュセブン Second BEAT!,ID7_anime,223358
64,小林さんちのメイドラゴン,maidragon_anime,219749
65,ギヴン,given_anime,219084
66,あんさんぶるスターズ！,stars_animation,213714
67,FAIRY TAIL ZERO,fairytail_PR,208566
68,SK∞ エスケーエイト,sk8_project,206895
69,『ヒプノシスマイク -Division Rap Battle-』Rhyme Anima,hypnosismic_RA,206170
70,炎炎ノ消防隊,FireForce_PR,203497
71,カードキャプターさくら クリアカード編,ccsakura_info,203130
72,可愛いだけじゃない式守さん,anime_shikimori,202405
73,BANANA FISH,bananafish_tv,198122
74,東京喰種,tkg_anime,195928
75,地縛少年花子くん,hanakokun_info,195130
76,B-PROJECT～鼓動＊アンビシャス～,Bpro_info,189765
77,黒執事Book of Circus,kuroshitsuji2,189344
78,ダンジョンに出会いを求めるのは間違っているだろうか,danmachi_anime,189073
79,神様になった日,kamisama_Ch_AB,186790
80,デュラララ!!×２,drrr_anime,185505
81,ゴールデンカムイ,kamuy_anime,184929
82,無職転生 ～異世界行ったら本気だす～,mushokutensei_A,184664
83,ワンパンマン,opm_anime,183447
84,艦隊これくしょん -艦これ-,anime_KanColle,182093
85,ヒロインたるもの！～嫌われヒロインと内緒のお仕事～,HoneyWorksMovie,180696
86,Dr.STONE,STONE_anime_off,176662
87,活撃 刀剣乱舞,katsugekitouken,175728
88,暗殺教室,ansatsu_anime,174821
89,ポプテピピック,hoshiiro_anime,174800
90,新テニスの王子様 U-17 WORLD CUP,shintenianime,174299
91,半妖の夜叉姫,hanyo_yashahime,171666
92,ゾンビランドサガ,zombielandsaga,170568
93,マクロス⊿,macrossD,169338
94,オーバーロード,over_lord_anime,168570
95,機動戦士ガンダム 鉄血のオルフェンズ,g_tekketsu,167987
96,フルーツバスケット,fruba_PR,167359
97,モンストアニメ セカンドシーズン(アニメ モンスターストライク),monst_riex,163726
98,プリンセスコネクト！Re:Dive,priconne_anime,161412
99,IDOLY PRIDE,idolypride,161244
100,デート・ア・ライブII,date_a_info,160123
101,TIGER & BUNNY 2,TIGERandBUNNY,159856
102,少女☆歌劇 レヴュースタァライト,revuestarlight,157773
103,メイドインアビス,miabyss_anime,157245
104,ダンガンロンパ3 The End of 希望ヶ峰学園,dangan_official,156840
105,八月のシンデレラナイン,hachinai89,156656
106,グランブルーファンタジー ジ・アニメーション,anime_gbf,154684
107,ホリミヤ,horimiya_anime,153876
108,アイカツスターズ！(星のツバサ),aikatsu_anime,153430
109,ワッチャプリマジ！,PrettySeriesPR,149493
110,ラストピリオド－終わりなき螺旋の物語－,last_period,148853
111,終わりのセラフ,owarino_seraph,148307
112,ノーゲーム・ノーライフ,ngnl_anime,145491
113,中二病でも恋がしたい！戀,anime_chu_2,143595
114,のんのんびより りぴーと,nonnontv,142546
115,メカクシティアクターズ ,mekakushidan,141736
116,はたらく細胞,hataraku_saibou,141028
117,86-エイティシックス-,anime_eightysix,139090
118,ダーリン・イン・ザ・フランキス,DARLI_FRA,138677
119,魔入りました！入間くん,wc_mairuma,137593
120,キラッとプリ☆チャン,prichan_PR,136826
121,D4DJ First Mix,D4DJ_pj,135906
122,ゆるゆり さん☆ハイ！,anime_yuruyuri,135747
123,A3! SEASON SPRING & SUMMER,mankai_anime,133589
124,メルクストーリア - 無気力少年と瓶の中の少女 -,merc_storia,133387
125,NEW GAME!,nganime,133146
126,古見さんは、コミュ症です。,comisanvote,132014
127,戦姫絶唱シンフォギアGX,SYMPHOGEAR,131944
128,リコリス・リコイル,lycoris_recoil,131422
129,幼なじみが絶対に負けないラブコメ,osamake_project,131122
130,カードファイト!!ヴァンガードG NEXT,cfvanguard_PR,130766
131,ダイヤのA actII,diaace_anime,130519
132,遊☆戯☆王VRAINS(ヴレインズ),yugioh_anime,130444
133,SSSS.DYNAZENON,SSSS_PROJECT,130439
134,カッコウの許嫁,cuckoo_anime,127647
135,ひぐらしのなく頃に,higu_anime,123624
136,プリズマ☆イリヤ 2wei!,prisma_illya,123084
137,takt op.Destiny,takt_op_destiny,122794
138,王様ランキング,osama_ranking,122025
139,K RETURN OF KINGS,anime_k11,122003
140,B-PROJECT～絶頂*エモーション～,BPRO_anime,120781
141,ちいかわ,anime_chiikawa,119333
142,Obey Me!,ObeyMeOfficial,118112
143,アサルトリリィ Bouquet,assaultlily_pj,117960
144,ルパン三世 PART6,lupin_anime,117264
145,まちカドまぞく,machikado_staff,115885
146,ガンダムブレイカー バトローグ,ggame_gbm,115335
147,鬼灯の冷徹 第弐期,hozuki_anime,114695
148,乙女ゲームの破滅フラグしかない悪役令嬢に転生してしまった…,hamehura,114445
149,ニセコイ,nisekoi_k,113625
150,ひげを剃る。そして女子高生を拾う。,higehiro_anime,112256
151,ARGONAVIS from BanG Dream!,ARGONAVIS_info,111785
152,ブラッククローバー,bclover_PR,109408
153,うらみちお兄さん,uramichi_anime,109389
154,ノラガミ,noragami_PR,109081
155,ハロー!!きんいろモザイク,kinmosa_anime,108819
156,殺戮の天使,strk_tenshi,108556
157,WORKING!!!,Wagnaria,107901
158,もっと！まじめにふまじめ かいけつゾロリ 第2シリーズ,zororizz,107467
159,ソードアート・オンライン オルタナティブ ガンゲイル・オンライン,ggo_anime,106980
160,ヴァニタスの手記,vanitas_anime,106827
161,はたらく魔王さま！！,anime_maousama,106823
162,ツキウタ。 THE ANIMATION,tsukiani_info,106309
163,ツルネ ―風舞高校弓道部―,tsurune_anime,105897
164,Fate/Apocrypha,FateApocryphaTV,105781
165,純情ロマンチカ3,marukawashoten,105776
166,イナズマイレブン オリオンの刻印,inazuma_project,105288
167,魔王学院の不適合者～史上最強の魔王の始祖、転生して子孫たちの学校へ通う～,maohgakuin,104759
168,ヘタリア World★Stars,animehetalia_ws,102275
169,カノジョも彼女,kanokano_anime,101148
170,3月のライオン,3lion_anime,101105
171,斉木楠雄のΨ難,saikikusuo_PR,100456
172,SHIROBAKO,shirobako_anime,100327
173,吸血鬼すぐ死ぬ,johnwakawaii,99360
174,機動戦士ガンダムユニコーン RE:0096,gundam_unicorn,98730
175,憂国のモリアーティ,moriarty_anime,97797
176,盾の勇者の成り上がり,shieldheroanime,95975
177,トニカクカワイイ,tonikawa_anime,95959
178,抱かれたい男1位に脅されています。,dakaretai_1st,95567
179,先輩がうざい後輩の話,uzai_anime,94381
180,ブルーピリオド,blueperiod_PR,94260
181,食戟のソーマ,shokugeki_anime,94210
182,バトルガール ハイスクール,bgirl_colopl,93412
183,富豪刑事 Balance:UNLIMITED,fugoukeiji_bul,92499
184,政宗くんのリベンジ,masamune_tv,92222
185,明日ちゃんのセーラー服,AKEBI_chan,89946
186,キミとフィットボクシング,FitBoxingInfo,89571
187,魔道祖師,mdzsjp,89174
188,SHAMAN KING,SHAMANKING_PR,88333
189,青の祓魔師 京都不浄王篇,aoex_anime,87229
190,よふかしのうた,yofukashi_pr,87151
191,干物妹！うまるちゃん,umaru_anime,86780
192,PERSONA5 the Animation,P5_anime,86661
193,魔女の旅々,majotabi_PR,86085
194,幼女戦記,youjosenki,85815
195,ディープインサニティ ザ・ロストチャイルド,deepinsanity_pj,85451
196,血界戦線,kekkaisensen,85246
197,はいふり,hai_furi,84709
198,ありふれた職業で世界最強,ARIFURETA_info,84167
199,"DIABOLIK LOVERS MORE,BLOOD",anime_dialover,83514
200,月刊少女野崎くん,nozaki_anime,83505
201,継母の連れ子が元カノだった,tsurekano,83307
202,美男高校地球防衛部LOVE!,boueibu,82943
203,四月は君の嘘,shigatsuhakimi,82648
204,SSSS.GRIDMAN,SSSS_GRIDMAN,82569
205,結城友奈は勇者である,anime_yukiyuna,82517
206,KING OF PRISM -Shiny Seven Stars-,kinpri_PR,82307
207,イケメン戦国◆時をかけるが恋は始まらない,Cyikemensengoku,81692
208,ヴィジュアルプリズン,visualprison,81625
209,BEASTARS,bst_anime,81322
210,異世界かるてっと,isekai_quartet,80437
211,シャドーハウス,shadowshouse_yj,80408
212,魔法使いの嫁,mahoyomeproject,80401
213,STEINS;GATE 0(シュタインズ・ゲート ゼロ),SG_anime,80290
214,D_CIDE TRAUMEREI THE ANIMATION,dctm_pj,79316
215,アイドルランドプリパラ,idolland_arts,79118
216,怪物事変(けものじへん),Kemonojihen_tv,79041
217,ストライク・ザ・ブラッド,stb_anime,78834
218,がっこうぐらし,gakkou_gurashi,78592
219,やがて君になる,yagakimi,78440
220,見える子ちゃん,mierukochan_PR,78064
221,キングダム 第3シリーズ,kingdom_animePR,77590
222,ヲタクに恋は難しい,wotakoi_anime,77249
223,甲鉄城のカバネリ,anime_kabaneri,77052
224,痛いのは嫌なので防御力に極振りしたいと思います。,bofuri_anime,76197
225,宇崎ちゃんは遊びたい!,uzakichan_asobi,75669
226,SHOW BY ROCK!!,SB69A,75577
227,Fate/EXTRA Last Encore,FateEXTRA_LE,75477
228,私に天使が舞い降りた！,watatentv,75247
229,弱キャラ友崎くん,tomozakikoshiki,75069
230,宝石の国,houseki_anime,74948
231,アニメ カピバラさん,FROM_TRYWORKS,74233
232,戦刻ナイトブラッド,senbura_info,74113
233,最遊記RELOAD -ZEROIN-,saiyuki_re,73943
234,Lapis Re:LiGHTs(ラピスリライツ),lapisrelights,73818
235,バクテン!!,bakuten_pr,73636
236,アズールレーン,azurlane_anime,73289
237,佐々木と宮野,sasamiya_anime,71467
238,D.Gray-man HALLOW,dgrayman_anime,71077
239,スタミュ,hstar_mu,70292
240,To LOVEる-とらぶる-ダークネス 2nd,toloveru_com,69640
241,ドラゴンクエスト ダイの大冒険,DQ_DAI_anime,69507
242,凪のあすから,naginoasukara,67667
243,阿波連さんははかれない,aharen_pr,67518
244,白い砂のアクアトープ,aquatope_anime,67274
245,ドリフェス！,dfes_official,67155
246,がんばれ同期ちゃん,anime_douki,66855
247,平家物語,heike_anime,66753
248,うたの☆プリンスさまっ♪ マジLOVEスターリッシュツアーズ ～旅の始まり～,utapriMAJILOVE,66656
249,ブレンド・S,blend_s_anime,66599
250,邪神ちゃんドロップキック,jashinchan_PJ,65692
251,ハイスクールDxD BorN,hdd_anime,65620
252,赤髪の白雪姫,akagami_anime,65541
253,天官賜福,tgcf_anime,65511
254,オッドタクシー,oddtaxi_,65239
255,蒼穹のファフナー EXODUS,fafnerproject,64041
256,寄宿学校のジュリエット,juliet_anime,63233
257,イジらないで、長瀞さん,nagatoro_tv,62997
258,宇宙よりも遠い場所,yorimoi,62920
259,ぼくたちは勉強ができない,bokuben_anime,62917
260,魔王城でおやすみ,maoujo_anime,62653
261,殺し愛,LoveofKill_info,61975
262,スライム倒して300年、知らないうちにレベルMAXになってました,slime300_PR,61178
263,夜は猫といっしょ,yoruneko_PR,60287
264,うたわれるもの 偽りの仮面,UtawareOfficial,59813
265,映像研には手を出すな！,Eizouken_anime,59716
266,どろろ,dororo_anime,57198
267,スタンドマイヒーローズ PIECE OF TRUTH,myhero_anime,56835
268,ガヴリールドロップアウト,gabdroanime,56582
269,アグレッシブ烈子 シーズン2,retsuko_sanrio,56116
270,サマータイムレンダ,summertime_PR,56088
271,Vivy -Fluorite Eyeʼs Song-,vivy_portal,55776
272,マギ シンドバッドの冒険,project_magi,55362
273,攻殻機動隊 SAC_2045,gitssac2045,55231
274,ガンダムビルドファイターズ,buildfighters,55066
275,ヘタリア The World Twinkle,animehetalia,54956
276,蜘蛛ですが、なにか？,kumoko_anime,54739
277,新幹線変形ロボ シンカリオンＺ,shinkalion,54415
278,EDENS ZERO,EDENSZERO_PJ,54364
279,アルスラーン戦記,arslan_anime,54353
280,ACCA13区監察課,ACCA_anime,54284
281,それでも歩は寄せてくる,soreayu_staff,54222
282,りばあす(Reバース),Rebirth_PR,54129
283,プリンセス・プリンシパル,pripri_anime,53915
284,Engage Kiss,engage_kiss,53437
285,キルラキル,kill_la_kill,53293
286,ロード・エルメロイⅡ世の事件簿 -魔眼蒐集列車レール・ツェッペリン Grace note-,elmelloi_anime,53148
287,TSUKIPRO THE ANIMATION,tsukipro_anime,53028
288,本好きの下剋上 司書になるためには手段を選んでいられません,anime_booklove,52781
289,明治東亰恋伽,meikoi_staff,51458
290,死神坊ちゃんと黒メイド,bocchan_anime,51248
291,ヤマノススメ セカンドシーズン,yamanosusume,51214
292,田中くんはいつもけだるげ,tanaka_anime,51127
293,亜人,anime_ajin,50618
294,桜Trick,sakuratrick_pr,50301
295,虚構推理,kyokou_suiri,50258
296,プリマドール,primadoll_pr,50075
297,かくしごと,kakushigoto_pr,50055
298,すばらしきこのせかい The Animation,TWEWY_PR,50046
299,だがしかし,anime_dagashi,50009
300,ヴィンランド・サガ,V_SAGA_ANIME,49770
301,ドロヘドロ,dorohedoro_PR,49627
302,戦国無双,sengoku_musou,49399
303,"Wake Up, Girls!",wakeupgirls_PR,49372
304,賭ケグルイ,kakegurui_anime,49242
305,ロクでなし魔術講師と禁忌教典(アカシックレコード),rokudenashi_tv,49179
306,暁のヨナ,yona_anime,49033
307,パリピ孔明,paripikoumei_PR,49024
308,銀河英雄伝説 Die Neue These 邂逅,gineidenanime,48668
309,ゴブリンスレイヤー,GoblinSlayer_GA,48624
310,終末のハーレム,harem_official_,48487
311,ACTORS -Songs Connection-,ACTORS_info,48411
312,色づく世界の明日から,iroduku_anime,48363
313,世話やきキツネの仙狐さん,sewayakisenko,48230
314,トリニティセブン,TrinitySeven_PR,48118
315,SUPER LOVERS,SUPERLOVERSinfo,47960
316,探偵歌劇ミルキィホームズTD,milkyholmes,47880
317,学戦都市アスタリスク,asterisk_war,47836
318,マジきゅんっ！ルネッサンス,magic_kyun,47689
319,俺を好きなのはお前だけかよ,oresuki_anime,47687
320,アイドルマスター シンデレラガールズ劇場,cingeki_anime,47290
321,あんハピ♪,annehappy_anime,47275
322,組長娘と世話係,kumichomusume,47224
323,ガンダム Gのレコンギスタ,gundam_reco,46614
324,社畜さんは幼女幽霊に癒されたい。,shachisaretai,46494
325,秘密結社 鷹の爪 ～ゴールデン・スペル～,_takanotsume_,46161
326,ブレイブウィッチーズ,w_witch_anime,46063
327,SERVAMP‐サーヴァンプ‐,anime_servamp,46049
328,デジモンアドベンチャー：,digimon_tv,46023
329,推しが武道館いってくれたら死ぬ,anime_oshibudo,45772
330,citrus,citrus_anime,45509
331,ジョーカー・ゲーム,jokergame_anime,45253
332,Thunderbolt Fantasy 東離劍遊紀,TBF_PR,45227
333,アズールレーン びそくぜんしんっ！,azurlane_bisoku,44987
334,安達としまむら,adashima_staff,44886
335,異世界魔王と召喚少女の奴隷魔術,isekaimaou,44803
336,リトルウィッチアカデミア,LWA_jp,44609
337,あひるの空,ahirunosora_tv,44605
338,恋する小惑星,koiastv,44349
339,時光代理人 -LINK CLICK-,linkclick_anime,44134
340,機動戦士ガンダム THE ORIGIN 前夜 赤い彗星,G_THE_ORIGIN,44049
341,さらざんまい,sarazanmai,43981
342,不滅のあなたへ,nep_fumetsu,43830
343,2.43 清陰高校男子バレー部,243anime,43808
344,錆喰いビスコ,SABIKUI_BISCO,43760
345,この美術部には問題がある！,konobi_anime,43259
346,風都探偵,anime_Fuuto,43171
347,終末のワルキューレ,ragnarok_PR,43167
348,ぐらんぶる,gb_anime,42774
349,不機嫌なモノノケ庵,mononokean_tv,42374
350,ハナヤマタ,hanayamata_PR,42274
351,フューチャーカード バディファイト トリプルディー,buddyfight,42267
352,となりの吸血鬼さん,kyuketsuki_san,41417
353,ゲゲゲの鬼太郎(第6期),kitaroanime50th,41379
354,ラブオールプレー,loveallplay2022,41348
355,王室教師ハイネ,heine_PR,41022
356,宇宙戦艦ヤマト2202 愛の戦士たち,new_yamato_2199,40981
357,ダンベル何キロ持てる？,dumbbell_anime,40877
358,ペルソナ4 ザ・ゴールデン,P4_A,40622
359,プリンス・オブ・ストライド オルタナティブ,posa_anime,40604
360,みるタイツ,mirutights,40543
361,天才王子の赤字国家再生術,tensaiouji_PR,40465
362,ガンダムビルドダイバーズ,gundambd,40330
363,クズの本懐,kuzunohonkai_tv,40316
364,SELECTION PROJECT,pj_selection,40295
365,ドメスティックな彼女,domekano_anime,40166
366,精霊幻想記,seireigensouki,39447
367,ネトゲの嫁は女の子じゃないと思った？,netoge_anime,39292
368,銀の匙 Silver Spoon,ezono_official,39280
369,ダーウィンズゲーム,d_game_official,39223
370,落第騎士の英雄譚,ittoshura,39126
371,白猫プロジェクト ZERO CHRONICLE,anime_wcatpj,39048
372,りゅうおうのおしごと！,Ryuoshi_PR,39045
373,ULTRAMAN,heros_ultraman,38900
374,くノ一ツバキの胸の内,tsubaki_anime,38854
375,ワンダーエッグ・プライオリティ,WEP_anime,38662
376,アオアシ,aoashi_pr,38597
377,DRIFTERS(ドリフターズ),DriftersAnime,38454
378,怪盗ジョーカー(シーズン3),mjoker_anime,38360
379,イロドリミドリ,irodorimidori5,38352
380,この音とまれ！,konooto_anime,38180
381,シャインポスト,SHINEPOST_PJ,37719
382,進撃！巨人中学校,anime_kyojinchu,37389
383,夢王国と眠れる100人の王子様,yume100anime_PR,37165
384,東京ミュウミュウ にゅ～♡,mew_mew_new,37163
385,フレームアームズ・ガール,fagirl_official,37061
386,魔王イブロギアに身を捧げよ,af_originalBL,36940
387,ハコヅメ～交番女子の逆襲～,hakozume_anime,36733
388,バーチャルさんはみている,dwangoanime,36664
389,スロウスタート,slosta_anime,36621
390,レヱル・ロマネスク,rail_romanesque,36529
391,山田くんと7人の魔女,yamajo_anime,36331
392,妹さえいればいい。,imotosae_anime,36245
393,こみっくがーるず,comiga_anime,36107
394,プラオレ！～PRIDE OF ORANGE～,puraore,35967
395,キノの旅-the Beautiful World- the Animation Series,kinonotabianime,35916
396,BNA ビー・エヌ・エー,bna_anime,35756
397,失格紋の最強賢者,shikkakumon_PR,35528
398,アルドノア・ゼロ,aldnoahzero,35340
399,ゲーマーズ！,gamers_tvanime,35061
400,蒼の彼方のフォーリズム,aokana_TVanime,35049
401,うしおととら,Ushitora_TV,34830
402,22/7,227anime,34790
403,シドニアの騎士,SIDONIA_anime,34746
404,犬と猫どっちも飼ってると毎日たのしい,tva_dog_and_cat,34727
405,ちはやふる3,chihaya_anime,34571
406,グリザイアの果実,grisaia_anime,34339
407,RE-MAIN,remain_anime,34153
408,可愛ければ変態でも好きになってくれますか？,hensuki_anime,34102
409,うたわれるもの 二人の白皇,UtawareAnime,33927
410,裏世界ピクニック,OthersidePicnic,33853
411,バキ・最凶死刑囚編,baki_anime,33412
412,青春×機関銃,aoharu_anime,33355
413,無彩限のファントム・ワールド,anime_PW,33311
414,恋は世界征服のあとで,koiseka_anime,33225
415,ミラキュラス レディバグ＆シャノワール,miraculousjp,33189
416,RWBY 氷雪帝国,TeamRWBYProject,33066
417,神様はじめました◎,mikagesha,33031
418,未確認で進行形,mikakunin_anime,32940
419,大正オトメ御伽話,otome_otogi,32877
420,僕だけがいない街,bokumachi_anime,32829
421,アニメガタリズ,animegataris,32594
422,生徒会役員共＊,seitokai0428,32433
423,天体のメソッド,sora_no_method,32378
424,かげきしょうじょ!!,kageki_anime,32310
425,のうりん,norin_anime,32267
426,ふらいんぐうぃっち,flying_tv,32265
427,ReLIFE,ReLIFE_anime,32242
428,世界最高の暗殺者、異世界貴族に転生する,ansatsu_kizoku,32014
429,月が導く異世界道中,tsukimichi_PR,31984
430,キズナイーバー,kiznaiver,31919
431,最近雇ったメイドが怪しい,maidga_ayashii,31829
432,勇者、辞めます,yuuyame_anime,31788
433,最遊記RELOAD BLAST,saiyuki_rb,31650
434,ぼくたちのリメイク,bokurema_anime,31616
435,ツインエンジェルBREAK,TA_Official,31597
436,アオハライド,aoha_anime,31525
437,双星の陰陽師,sousei_PR,31507
438,Z/X Code reunion,zxtcg,31204
439,Re:ステージ！ ドリームデイズ♪,rst_project,31126
440,アイ★チュウ,ichu_anime,31106
441,Lostorage incited WIXOSS,wixoss_anime,31018
442,ニンジャラ,Ninjala_JP,30978
443,幕末Rock,bakumatsu69,30951
444,異世界はスマートフォンとともに。,isesumaofficial,30728
445,無能なナナ,munounanana,30715
446,DAYS,days_anime,30596
447,GATE 自衛隊 彼の地にて、斯く戦えり,gate_anime,30524
448,Dance with Devils,DwD_info,30499
449,Rewrite,rewrite_tv,30468
450,オリエント,orient_PR,30434
451,RELEASE THE SPYCE,releasethespyce,30329
452,ランウェイで笑って,runway_anime,30183
453,学園ベビーシッターズ,gakubaby_anime,29920
454,うらら迷路帖,urarameiro,29906
455,アカメが斬る！,akame_tv,29702
456,スーパーカブ,supercub_anime,29700
457,トライブナイン,tribenine_tokyo,29535
458,神之塔 -Tower of God-,anime_ToG,29435
459,坂本ですが？,sakamoto_anime,29421
460,刀使ノ巫女,tojinomiko,29264
461,ベイブレードバースト 神(ゴッド),beyblade_info,29155
462,アクティヴレイド －機動強襲室第八係－,activeraid,29131
463,あそびあそばせ,asobiasobase_a,28947
464,曇天に笑う,donten_pr,28852
465,群青のファンファーレ,fanfare_anime,28840
466,亜人(デミ)ちゃんは語りたい,demichan_anime,28628
467,通常攻撃が全体攻撃で二回攻撃のお母さんは好きですか？,okaasan_online,28610
468,はたらく細胞BLACK,cellsatworkbla1,28559
469,GREAT PRETENDER,GrePre_anime,28475
470,異世界迷宮でハーレムを,isekaiharem_ani,28470
471,三者三葉,sansya_anime,28424
472,女子高生の無駄づかい,jyoshimuda,28410
473,咲-Saki-全国編,SakiAnime,28363
474,スローループ,slowloop_tv,28311
475,虹色デイズ,rainbow_days_tv,28260
476,残響のテロル,zankyono_terror,28175
477,終末なにしてますか？ 忙しいですか？ 救ってもらっていいですか？,sukasuka_anime,28144
478,灰と幻想のグリムガル,grimgar_anime,28136
479,メジャーセカンド,major2nd_tv,28099
480,猫のニャッホ,NiaghoCat,28079
481,ハイスコアガール,hi_score_girl,28059
482,指先から本気の熱情 2-恋人は消防士-,af_originalTL,28013
483,少女終末旅行,girls_last_tour,27950
484,機動戦士ガンダム サンダーボルト,gundam_tb,27810
485,100万の命の上に俺は立っている,1000000_lives,27790
486,ブラック★★ロックシューター DAWN FALL,project_brsDF,27712
487,普通の女子校生が 【ろこどる】やってみた。,locodol_anime,27674
488,異世界食堂,nekoya_PR,27545
489,一週間フレンズ,1weekfriends,27532
490,Re:CREATORS(レクリエイターズ),recreators_tv,27410
491,風が強く吹いている,kazetsuyo_anime,27334
492,ハッピーシュガーライフ,happysugarlifeA,27333
493,MARGINAL#4 KISSから創造るBig Bang,marginal4_anime,27173
494,リーマンズクラブ,rymansclub_PR,27148
495,ももくり,momokuri_anime,27143
496,バトルスピリッツ烈火魂(バーニングソウル),bs_animation,26914
497,戦闘員、派遣します！,sentoin_anime,26866
498,異種族レビュアーズ,isyuzoku,26854
499,からくりサーカス,karakuri_anime,26747
500,ラーメン大好き小泉さん,ramen_koizumi,26693
501,灼熱カバディ,kabaddi_anime,26650
502,戦翼のシグルドリーヴァ,sigururi,26596
503,昭和元禄落語心中,rakugoshinju,26591
504,ゆらぎ荘の幽奈さん,yuragisou_anime,26580
505,くま クマ 熊 ベアー,kumabear_anime,26575
506,ド級編隊エグゼロス,hxeros_anime,26528
507,監獄学園(プリズンスクール),prison_anime,26449
508,ALL OUT!!,allout_anime,26363
509,究極進化したフルダイブRPGが現実よりもクソゲーだったら,fulldive_anime,26218
510,うちタマ?! ～うちのタマ知りませんか？～,uchitama_anime,26136
511,25歳の女子高生,ComicFestaAnime,25811
512,キャロル＆チューズデイ,carole_tuesday,25660
513,ゴジラ S.P ＜シンギュラポイント＞,GODZILLA_SP,25620
514,Just Because!,JustBecause_JP,25619
515,One Room,anime_one_room,25575
516,覇弓 封神演義,hoshinengi_tv,25509
517,装甲娘戦機,soumusu_anime,25301
518,selector infected WIXOSS,selector_anime,25299
519,川柳少女,senryu_anime,25278
520,現実主義勇者の王国再建記,genkoku_info,25278
521,月がきれい,tsukigakirei_tv,25149
522,ゴッドイーター,god_eater_anime,25033
523,東京24区,tokyo24_project,24949
524,エスタブライフ グレイトエスケープ,establife,24939
525,魔法陣グルグル,magical_grgr,24927
526,ナンバカ,nanbaka_tv,24881
527,異能バトルは日常系のなかで,inou_PR,24861
528,アクダマドライブ,akudamadrive,24812
529,啄木鳥探偵處,kitsutsuki_DO,24810
530,ベルセルク,berserk_anime,24795
531,巨人族の花嫁,CFAnime_BL,24725
532,ガーリッシュ ナンバー,gn_staff,24630
533,ばらかもん,brkmn_anime,24618
534,ひなこのーと,hinakonote,24580
535,チート薬師のスローライフ～異世界に作ろうドラッグストア～,cheat_kusushi,24492
536,プラスティック・メモリーズ,pla_memo,24367
537,繰繰れ！コックリさん,gugukoku_anime,24328
538,マブラヴ オルタネイティヴ,Muv_Luv_A_anime,24266
539,ガールフレンド（仮）,gf_anime,24219
540,ケムリクサ,kemurikusa,24215
541,聖女の魔力は万能です,seijyonoanime,24169
542,放課後ていぼう日誌,teibo_bu,24098
543,異世界おじさん,Isekai_Ojisan,24071
544,月曜日のたわわ2,anime_tawawa2,24054
545,宝石商リチャード氏の謎鑑定,jeweler_richard,23853
546,有頂天家族２,Uchoten2_Anime,23777
547,荒野のコトブキ飛行隊,kotobuki_PR,23718
548,初恋モンスター,hatsukoi_M,23670
549,異世界美少女受肉おじさんと,fabiniku,23646
550,えんどろ～！,endro_anime,23634
551,サンリオ男子,Sdan_Anime,23618
552,甘々と稲妻,gidogakure,23538
553,あまんちゅ,amanchu_anime,23527
554,ID:INVADED イド:インヴェイデッド,idinvadedanim,23378
555,手品先輩,tejina_senpai,23370
556,てっぺんっ!!!!!!!!!!!!!!!,teppen_anime,23361
557,orange,AnimationOrange,23148
558,あたしゃ川尻こだまだよ～デンジャラスライフハッカーのただれた生活～,anime_kakeakami,23106
559,ジャヒー様はくじけない！,jahysama_anime,23090
560,回復術士のやり直し,kaiyari_anime,23050
561,うさかめ,nemumiwo,23024
562,ドラゴンズドグマ,DD_CAPCOM,23007
563,星合の空,hoshiaino_sora,22973
564,多田くんは恋をしない,tadakoi_anime,22957
565,サクラクエスト,manoyama_PR,22940
566,幸腹グラフィティ,koufuku_g,22892
567,アホガール,ahogirl_anime,22844
568,ましろのおと,mashironooto_pr,22799
569,神撃のバハムート VIRGIN SOUL,baha_virginsoul,22795
570,たとえばラストダンジョン前の村の少年が序盤の街で暮らすような物語,lasdan_PR,22771
571,精霊使いの剣舞,blade_anime,22767
572,理系が恋に落ちたので証明してみた。,rikeigakoini,22767
573,GANGSTA.,GANGSTA_Project,22643
574,プラチナエンド,ani_platinumend,22614
575,おちこぼれフルーツタルト,ochifuru_anime,22603
576,新妹魔王の契約者(テスタメント) ,shinmaimaou,22579
577,魔法少女サイト,MGSanime,22561
578,てさぐれ！部活もの すぴんおふ プルプルんシャルムと遊ぼう,tesabu,22451
579,ブレイドアンドソウル,bns_official_jp,22349
580,超人高校生たちは異世界でも余裕で生き抜くようです！,choyoyu_PR,22340
581,ルパン三世 PART5,Lupin_Pt5,22244
582,天使の3P！,tenshi3p_anime,22213
583,チキップダンサーズ,chickipdancers,22204
584,ネコぱら,nekopara_anime,22190
585,えとたま,etotama_anime,22177
586,かくりよの宿飯,kakuriyo_anime,22033
587,ゲッターロボ アーク,getterrobot_arc,21933
588,八十亀ちゃんかんさつにっき,yatogame_chan,21878
589,ファンタシースターオンライン2 ジ アニメーション,ANIME_PSO2,21666
590,怪獣娘(かいじゅうがーるず)～ウルトラ怪獣擬人化計画～,ultrakaiju_gk,21606
591,ステラのまほう,magicofstella_a,21597
592,賢者の弟子を名乗る賢者,kendeshi_anime,21450
593,アイドルマスター SideM 理由あってMini!,SideM_WakeMini,21387
594,てーきゅう(第4期),te_kyu,21370
595,宇宙パトロールルル子,s_p_luluco,21369
596,転生賢者の異世界ライフ ～第二の職業を得て、世界最強になりました～,tenseikenja_PR,21291
597,ひとりじめマイヒーロー,myhero_pr,21137
598,ノルン＋ノネット,norn9_anime,21126
599,サクガン,ANIMA_info,21092
600,くまみこ,kmmk_anime,21057
601,キミと僕の最後の戦場、あるいは世界が始まる聖戦,kimisen_project,21012
602,ブラック・ブレット,tv_BKB,21011
603,モンスター娘のいる日常,monmusu_tv,20988
604,骸骨騎士様、只今異世界へお出掛け中,gaikotsukishi,20950
605,千銃士,senjyushi_anime,20921
606,城下町のダンデライオン,dande_anime,20667
607,神達に拾われた男,kamihiro_anime,20602
608,最弱無敗の神装機竜(バハムート),saijaku_anime,20464
609,ドールズフロントライン,gf_animePR,20407
610,処刑少女の生きる道,VirginroadAnime,20169
611,ばくおん!!,bakuon_anime,20160
612,テイルズ オブ ゼスティリア ザ クロス,TOZtheX,20158
613,風夏,fuuka_anime,20134
614,セイレン,anime_seiren,20122
615,ナカノヒトゲノム【実況中】,nhg_anime,20070
616,ログ・ホライズン,nhk_loghorizon,20062
617,MARS RED,marsredtv,20041
618,トモダチゲーム,tomodachi_anime,20034
619,慎重勇者～この勇者が俺TUEEEくせに慎重すぎる～,shincho_yusha,20017
620,planetarian～ちいさなほしのゆめ～,planetarian_pj,19955
621,シャドウバース,shadowverse_anm,19928
622,文豪とアルケミスト 〜審判ノ歯車〜,Anime_BunAl,19843
623,iiiあいすくりん,iii_icecrin,19615
624,恋とプロデューサー〜EVOL×LOVE〜,koipro_anime,19568
625,彼方のアストラ,astra_anime,19485
626,エンドライド,endride_anime,19371
627,魔法少女育成計画,mahoiku_anime,19268
628,デビルズライン,devilslineanime,19248
629,恋と嘘,anime_koiuso,19236
630,さんかく窓の外側は夜,sankakumado_PR,19179
631,史上最強の大魔王、村人Aに転生する,murabitoA_anime,19112
632,超普通都市カシワ伝説R,kashiwaanime,19056
633,ハルチカ〜ハルタとチカは青春する〜,haruta_chika,19012
634,Sonny Boy,sonnyboy_anime,19002
635,ひとりぼっちの○○生活,bocchi_anime,18924
636,ローリング☆ガールズ,therollinggirls,18848
637,Re： ハマトラ,hamatora_PR,18839
638,僕らはみんな河合荘,anime_kawaisou,18823
639,薔薇王の葬列,baraou_anime,18822
640,ピアノの森,piano_anime_tv,18784
641,魔法使い黎明期,reimeiki_pr,18746
642,91Days,TV91Days,18699
643,クオリディア・コード,QUALIDEACODE,18691
644,鬼斬,onigiri_anime,18683
645,神々の悪戯,kamiaso_anime,18643
646,ミカグラ学園組曲,mikaguragakuen,18517
647,俺、ツインテールになります。,ore_twi_anime,18389
648,DEVILMAN crybaby,DevilmanCryBaby,18385
649,テラフォーマーズ,_terraformars,18277
650,うちの娘の為ならば、俺はもしかしたら魔王も倒せるかもしれない。,uchinoko_anime,18235
651,ケンガンアシュラ,kengankai,18234
652,俺だけ入れる隠しダンジョン,kakushidungeon,18213
653,ナイツ＆マジック,naitsuma_anime,18201
654,かぎなど,kaginado,18141
655,ラクエンロジック,luck_and_logic,18055
656,スケートリーディング☆スターズ,Skate_Leading,18015
657,舟を編む,funewoamu_anime,17983
658,ダンス・ダンス・ダンスール,danseur_anime,17934
659,三ツ星カラーズ,3boshi_anime,17892
660,はじめてのギャル,haji_GAL,17882
661,ダメプリ ANIME CARAVAN,damepri_anime,17863
662,ミイラの飼い方,miira_kaikata,17782
663,ストライクウィッチーズ ROAD to BERLIN,RtbWitch,17777
664,平穏世代の韋駄天達,idaten_anime,17759
665,怪病医ラムネ,Dr_Ramune,17718
666,恋は雨上がりのように,koiame_anime,17633
667,聖闘士星矢: Knights of the Zodiac,saintseiyaanime,17551
668,乙女ゲー世界はモブに厳しい世界です,mobseka_anime,17549
669,フルメタル・パニック！ Invisible Victory,fullmeta_iv,17528
670,ギャルと恐竜,galkyo_info,17392
671,甘城ブリリアントパーク,amaburiANIME,17371
672,地球外少年少女,Chikyugai_BG,17359
673,アニマエール！,animayell_anime,17329
674,ムヒョとロージーの魔法律相談事務所,mahouritsuanime,17297
675,学園BASARA,gakuen_basara,17297
676,すのはら荘の管理人さん,sunohara_anime,17267
677,このはな綺譚,konohana_anime,17150
678,賢者の孫,kenja_no_mago,17135
679,閃乱カグラ SHINOVI MASTER -東京妖魔篇-,kagura_tv,17090
680,私、能力は平均値でって言ったよね！,noukin_anime,17089
681,フットサルボーイズ!!!!!,futsal_boys,16988
682,バッテリー,battery_anime,16815
683,デジモンユニバース アプリモンスターズ：アプモン,appmon_official,16803
684,境界のRINNE,nhk_rinne,16800
685,イエスタデイをうたって,anime_yesterday,16766
686,荒ぶる季節の乙女どもよ。,araotoproject,16752
687,うちのメイドがウザすぎる！,uzamaid_a,16720
688,はるかなレシーブ,harukana_anime,16718
689,私がモテてどうすんだ,anime_watamote,16710
690,蟲師 続章 (後半エピソード),mushishi_anime,16653
691,プランダラ,plundereranime,16642
692,連盟空軍航空魔法音楽隊ルミナスウィッチーズ,LuminousWitch,16638
693,ISLAND,island_fw,16593
694,ボールルームへようこそ,ballroom_anime,16567
695,EX-ARM エクスアーム,exarm_official,16524
696,やくならマグカップも,yakumo_project,16405
697,武装少女マキャヴェリズム,machiave_anime,16403
698,みだらな青ちゃんは勉強ができない,aochan_anime,16375
699,徒然チルドレン,tsuredure_anime,16327
700,刻刻,geno_studio,16293
701,オオカミ少女と黒王子,ookamishojo_tv,16227
702,GETUP! GETLIVE! #げらげら,GETUP_GETLIVE,16225
703,アブソリュート・デュオ,abso_official,16219
704,俺物語!!,anime_ore,16195
705,ゼロから始める魔法の書,zeronosyo,16157
706,下ネタという概念が存在しない退屈な世界,shimoseka,16095
707,黒の召喚士,kuronoshokanshi,16072
708,アサシンズプライド,assassins_anime,16014
709,CUE!,cue_anime,15863
710,クロスアンジュ 天使と竜の輪舞,anime_crossange,15835
711,博多豚骨ラーメンズ,hakata_tonkotsu,15826
712,弾の王と戦姫,madan_anime,15787
713,乱歩奇譚 Game of Laplace,rampokitan,15763
714,LOVE STAGE!!,LOVESTAGE_TV,15749
715,ヒナまつり,hinamatsuri4649,15713
716,ログ・ホライズン 円卓崩壊,loghorizon_DORT,15680
717,恋と呼ぶには気持ち悪い,koikimo_anime,15605
718,十二大戦,12taisen,15581
719,つぐもも,tsugumomo_anime,15486
720,メガトン級ムサシ,musashi_project,15473
721,少年メイド,ShonenMaid,15458
722,デンキ街の本屋さん,anime_denkigai,15451
723,Occultic;Nine-オカルティック・ナイン-,occultic_nine,15420
724,ミュークルドリーミー,mewkle_a,15255
725,銃皇無尽のファフニール,fafnir_anime,15253
726,進化の実～知らないうちに勝ち組人生～,shinkanomianime,15235
727,池袋ウエストゲートパーク,iwgp_anime,15215
728,ひそねとまそたん,hisomaso_anime,15184
729,俺がお嬢様学校に「庶民サンプル」としてゲッツ♥された件,anime_syomin,15160
730,グレイプニル,gleipnir_anime,15151
731,けものフレンズ2,kemono_anime,15064
732,ディバインゲート,divine_anime,14999
733,バック・アロウ,backarrow_info,14952
734,境界戦機,kyoukai_senki,14894
735,ゾイドワイルド,anime_zoidswild,14887
736,RPG不動産,rpgrs_anime,14870
737,真の仲間じゃないと勇者のパーティーを追い出されたので、辺境でスローライフすることにしました,shinnonakama_tv,14785
738,おしえて！ギャル子ちゃん,galko_official,14777
739,BIRDIE WING -Golf Girls’ Story-,birdiewing_golf,14774
740,BASTARD!!―暗黒の破壊神―,bastard_PR,14697
741,クジラの子らは砂上に歌う,kujisuna_anime,14684
742,緋弾のアリアAA,ariaAA_anime,14599
743,しょうたいむ！～歌のお姉さんだってしたい～,af_originalMENS,14572
744,最果てのパラディン,faraway_paladin,14506
745,リアデイルの大地にて,leadale_anime,14502
746,はねバド！,hanebad_anime,14419
747,うどんの国の金色毛鞠,udonnokuni_tv,14399
748,なんでここに先生が!?,nankoko_anime,14369
749,ソウナンですか？,sounan_desuka,14363
750,ソラとウミのアイダ,soraumi_app,14356
751,少年ハリウッド,shohari_anime,14296
752,少女たちは荒野を目指す,shokomeza,14292
753,オルタンシア・サーガ,Hortensia_Anime,14240
754,宇宙なんちゃら こてつくん,space__academy,14233
755,であいもん,deaimon_anime,14188
756,ガッチャマン クラウズ インサイト,GATCHAMANCrowds,14095
757,グラスリップ,glasslip_anime,14028
758,体操ザムライ,taiso_samurai,14015
759,出会って5秒でバトル,dea5_anime,13970
760,うーさーのその日暮らし 夢幻編,PR_wooser,13958
761,学園ハンサム,animehandsome,13904
762,MIX,mix_ytvanime,13874
763,おくさまが生徒会長！,anime_okusama,13859
764,ガーリー・エアフォース,GAF_anime,13844
765,球詠,tamayomi_PR,13839
766,ビルディバイド-#000000-,build_divide,13790
767,空挺ドラゴンズ,kuteidragons_PR,13774
768,覆面系ノイズ,fukumenkeianime,13766
769,火ノ丸相撲,hinomaru_zumou,13759
770,魔法少女 俺,magicalgirl_ore,13727
771,デカダンス,decadence_anime,13694
772,ビッグオーダー,mirai_nikki,13660
773,ハナビちゃんは遅れがち,hnb_off,13642
774,天地創造デザイン部,tendebu_PR,13619
775,チア男子!!,cheer_boys,13572
776,ノラと皇女と野良猫ハート,noratoto_anime,13567
777,バビロン,babylon_anime,13511
778,異世界チート魔術師マジシャン,isekai_cheat_tv,13499
779,俺が好きなのは妹だけど妹じゃない,imoimo_anime,13468
780,ハクメイとミコチ,hakumikotv,13396
781,極黒のブリュンヒルデ,gokukoku_anime,13346
782,ドラゴン、家を買う。,anime_doraie,13331
783,サクラダリセット,sagrada_anime,13326
784,sin 七つの大罪,7sins_tv,13288
785,波よ聞いてくれ,namiyo_official,13266
786,金装のヴェルメイユ～崖っぷち魔術師は最強の厄災と魔法世界を突き進む～,vermeil_animePR,13221
787,鹿楓堂 よついろ日和,RokuhoudouAnime,13195
788,大図書館の羊飼い,daito_anime,13105
789,ばなにゃ,bananya_anime,13105
790,捏造トラップ−NTR−,NetsuzouTRap,13062
791,BEATLESS,BEATLESS_info,13052
792,ニル・アドミラリの天秤,nilad_anime,13023
793,それが声優！,soresei_anime,12980
794,八男って、それはないでしょう！,Hachinan_PR,12966
795,クロムクロ,KUROMUKURO_UNKL,12948
796,デスマーチからはじまる異世界狂想曲,deathma_anime,12915
797,ガイコツ書店員 本田さん,gai_honda,12890
798,織田シナモン信長,oda_shinamon,12880
799,終末のイゼッタ,izetta2016,12865
800,DIVE!!,dive_anime,12865
801,迷家‐マヨイガ‐,mayoiga_project,12849
802,魔王様、リトライ！,maousama_anime,12790
803,ピーチボーイリバーサイド,peachboy_anime,12701
804,モンスターハンターストーリーズ　RIDE ON,MHST_RIDEON,12668
805,とんかつDJアゲ太郎,tonkatsu_DJ,12609
806,新サクラ大戦,anime_sst,12593
807,ソマリと森の神様,somali_anime,12554
808,悪魔のリドル,akuma_riddle,12522
809,ブギーポップは笑わない,boogiepop_anime,12496
810,神クズ☆アイドル,kamikuzu_PR,12476
811,おしえて魔法のペンデュラム～リルリルフェアリル～,rilurilu_anime,12447
812,クロックワーク・プラネット,ClockworkAnime,12430
813,Code:Realize～創世の姫君～,cr_anime,12403
814,同居人はひざ、時々、頭のうえ。,hizaue_pr,12399
815,ニンジャスレイヤー フロムアニメイシヨン,NJSLYR_anime,12253
816,セブンナイツ レボリューション -英雄の継承者-,SenaRevo_anime,12178
817,歌舞伎町シャーロック,pipecat_kabuki,12161
818,消滅都市,anime_shoumetsu,12119
819,放課後さいころ倶楽部,saikoro_club,12101
820,メガロボクス,joe50_megalobox,12100
821,DOG DAYS″,dogdays_anime,12099
822,ROLY POLY PEOPLES,rpp_rolypi,12024
823,惑星のさみだれ,AnimeSamidare,11923
824,僕の彼女がマジメ過ぎるしょびっちな件,shobicchi_anime,11919
825,ぐらP＆ろで夫,grap_rodeo,11867
826,アフリカのサラリーマン,afusara_P,11821
827,number24,number24_anime,11732
828,マナリアフレンズ,manaria_friends,11728
829,ハッカドール THE あにめ～しょん,Hackadoll_anime,11682
830,海賊王女,fena_pirate,11669
831,さばげぶっ！,sabagebu_anime,11629
832,ベルゼブブ嬢のお気に召すまま。,beelmama_anime,11625
833,ヘヴィーオブジェクト,ho_anime,11478
834,空戦魔導士候補生の教官,kusen_official,11448
835,北斗の拳イチゴ味,hokuto_15aji,11439
836,競女!!!!!!!!,keijo_anime,11427
837,キャプテン翼,tsubasa_news,11348
838,ネト充のススメ,netoju_anime,11317
839,ブッチギレ！,Bucchigire,11314
840,警視庁 特務部 特殊凶悪犯対策室 第七課 -トクナナ-,tokunana_PR,11299
841,寄生獣 セイの格率,kiseiju_anime,11286
842,フリップフラッパーズ,FLIP_FLAPPERS,11265
843,NOBLESSE -ノブレス-,noblesse_jp,11265
844,スペース☆ダンディ シーズン2,space_dandy,11198
845,タイガーマスクW,TigerMaskW,11172
846,世界征服～謀略のズヴィズダー,project_ssf,11161
847,ろんぐらいだぁす！,animelongriders,11160
848,アルテ,arte_animation,11148
849,異世界薬局,isekai_yakkyoku,11147
850,装神少女まとい,matoi_anime,11134
851,真夜中のオカルト公務員,occultkoumuin,11049
852,なむあみだ仏っ！-蓮台 UTENA-,namu_anime,11039
853,信長の忍び,shinobinobunaga,11026
854,このヒーラー、めんどくさい,kono_healer,11019
855,Caligula -カリギュラ-,Caligula_Anime,11003
856,DYNAMIC CHORD,anime__DC,10940
857,天晴爛漫！,appareranman,10926
858,アリスと蔵六,alicetozouroku,10904
859,WAVE!!～サーフィンやっぺ！～,WAVE_animation,10880
860,牙狼〈GARO〉-炎の刻印-,anime_garo,10871
861,この世の果てで恋を唄う少女YU-NO,yuno_anime2019,10776
862,わかば＊ガール,wakaba_anime,10764
863,放課後のプレアデス,sbr_gx,10711
864,OBSOLETE(オブソリート),obsolete_anime,10704
865,長門有希ちゃんの消失,yukichan_anime,10673
866,ウィッチクラフトワークス,Witch_CW_anime,10654
867,櫻子さんの足下には死体が埋まっている,SakurakoKujo,10598
868,ぼくのとなりに暗黒破壊神がいます。,bokuhaka_anime,10560
869,LISTENERS リスナーズ,listeners_PR,10516
870,ガル学。〜聖ガールズスクエア学院〜,garugaku,10507
871,DOUBLE DECKER! ダグ＆キリル,dabudeka,10459
872,怪人開発部の黒井津さん,kuroitsusan,10397
873,スカーレッドライダーゼクス,SRX_LAG_PR,10354
874,対魔導学園35試験小隊,35shoutai_info,10352
875,はんだくん,handaanime,10244
876,バチカン奇跡調査官,kisekichosakan,10232
877,四月一日さん家の,watanukisanchi,10224
878,ブブキ・ブランキ,bbkbrnk,10211
879,BAKUMATSU ～恋愛幕末カレシ外伝～,BAKUMATSU_info,10206
880,インフィニット・デンドログラム,dendro_anime,10144
881,たくのみ。,anime_takunomi,10113
882,戦×恋(ヴァルラヴ),val_love_pr,10107
883,恋愛暴君,boukun_PR,10071
884,DRAMAtical Murder,dmmd_TV_PR,9993
885,神撃のバハムート GENESIS,bahamut_genesis,9929
886,モンスター娘のお医者さん,mon_isha_anime,9861
887,群れなせ！シートン学園,anime_seton,9855
888,地獄少女 宵伽,jigokuanime,9806
889,ひもてはうす,himotehouse,9797
890,プレイタの傷,pj_scard,9780
891,六畳間の侵略者！？,anime_6joma,9777
892,ハンドレッド,hundred_PR,9713
893,魔術士オーフェンはぐれ旅,orphen25_tv,9683
894,revisions リヴィジョンズ,revisions_PR,9662
895,上野さんは不器用,missueno_anime,9625
896,かつて神だった獣たちへ,katsukami_anime,9547
897,SDガンダムワールド ヒーローズ,SD_GUNDAM_WORLD,9477
898,NIGHT HEAD 2041,nighthead2041,9458
899,いぬやしき,inu_noitamina,9315
900,彼女がフラグをおられたら,gaworare_TV,9314
901,AKIBA’S TRIP -THE ANIMATION-,akibastripanime,9299
902,月とライカと吸血姫,LAIKA_anime,9223
903,エルドライブ【ēlDLIVE】,eldlive_tv,9208
904,人生,jinsei_anime,9180
905,薄桜鬼～御伽草子～,hakuoki_otogi,9180
906,Vivid Strike!,vivid_strike_,9174
907,pet,pet_anime,9173
908,金色のコルダ Blue Sky,corda_anime,9041
909,六花の勇者,rokka_anime,8970
910,魔法少女リリカルなのはViVid,vivid_tv,8964
911,Fairy蘭丸～あなたの心お助けします～,FairyRanmaru,8943
912,魔装学園HxH(ハイブリッドハート),masouhhanime,8942
913,ぐんまちゃん,gunmachan_info,8928
914,レーカン！,re_kan_anime,8888
915,血液型くん！2,ketsuekigatakun,8871
916,女神寮の寮母くん。,megamiryou,8839
917,バミューダトライアングル ～カラフル・パストラーレ～,colopale,8838
918,3D彼女 リアルガール,3Dkanojo_anime,8824
919,SCARLET NEXUS,SNX_ANIME,8799
920,スクールガールストライカーズ Animation Channel,sgs_anime,8781
921,グランベルム,granbelm,8765
922,TRICKSTER -江戸川乱歩「少年探偵団」より-,trickster_anime,8708
923,にゃんこデイズ,nyanko_days,8708
924,ミス・モノクローム-The Animation-(第2期),monochro_staff,8684
925,ちおちゃんの通学路,Chiochan_tv,8661
926,はがねオーケストラ,haganeokstr,8655
927,ピンポン,pingpong_anime,8638
928,180秒で君の耳を幸せにできるか?,180Kimimimi,8563
929,龍ヶ嬢七々々の埋蔵金,nanana_tv,8550
930,旗揚！けものみち,hatakemoanime,8527
931,棺姫のチャイカ,ChaikaTrabant,8490
932,Dies Irae(ディエス・イレ),diesirae_anime,8475
933,だんちがい,anime_danchi,8431
934,擾乱　THE PRINCESS OF SNOW AND BLOOD,joran_official,8414
935,パンチライン,punchline_pj,8312
936,レガリア The Three Sacred Stars,regalia_anime,8297
937,タブー・タトゥー,tabootattoo_ani,8215
938,喧嘩番長 乙女-Girl Beats Boys-,kbo_anime,8191
939,俺、つしま,tsushima_anime,8189
940,伊藤潤二「コレクション」,itojunji_anime,8183
941,こねこのチー ポンポンらー大冒険,chi_ssweethome,8179
942,洗い屋さん！～俺とアイツが女湯で!?～,CFAnime_MENS,8172
943,叛逆性ミリオンアーサー,hangyakuseiMAAN,8166
944,ベイビーステップ 第2シリーズ,nhk_babysteps,8146
945,Fairy goneフェアリーゴーン,fairygone,8114
946,メルヘン・メドヘン,maerchen_anime,8088
947,アンジュ・ヴィエルジュ,ange_anime,8076
948,コンクリート・レボルティオ～超人幻想～,conrevoinfo,8073
949,チェインクロニクル ヘクセイタスの閃(ひかり),ChroAnime,8028
950,シキザクラ,ShikizakuraA,8005
951,7SEEDS,7SEEDS_anime,7978
952,七星のスバル,7subaru_anime,7959
953,ひなろじ ～from Luck & Logic～,HinaLogic,7940
954,ぶらどらぶ,VLADLOVE_ANIME,7904
955,実は私は,jitsuwata_anime,7897
956,京都寺町三条のホームズ,teramachi_holme,7897
957,重神機パンドーラ,unit_pandora,7830
958,ハンドシェイカー,hs_p_info,7821
959,紅殻のパンドラ,kpandora_anime,7814
960,ねじ巻き精霊戦記 天鏡のアルデラミン,alderamin_anime,7788
961,いわかける！ - Sport Climbing Girls -,iwakakeru_anime,7763
962,正解するカド KADO: The Right Answer,Seikaisuru_Kado,7755
963,グランクレスト戦記,grancrest_anime,7731
964,BEM,newbem2019,7727
965,アイドル事変,idol_jihen,7693
966,Infini-T Force(インフィニティフォース),Infini_TForce,7688
967,シュート！Goal to the Future,shoot_anime,7655
968,BLUE REFLECTION RAY/澪,BRRAY_anime,7654
969,腐男子高校生活,anime_fudanshi,7635
970,魔法少女なんてもういいですから。,mouii_desukara,7630
971,CHAOS;CHILD,chaoch_anime,7625
972,デス・パレード,dp_anime,7606
973,天狼 Sirius the Jaeger,sirius_anime,7586
974,まじもじるるも,animerurumo,7576
975,人外さんの嫁,jingaisan_yome,7555
976,妖怪アパートの幽雅な日常,YouapaAnime,7502
977,オレん家のフロ事情,orefuroTV,7497
978,コップクラフト,anime_copcraft,7470
979,プラネット・ウィズ,PlanetWithAnime,7452
980,ナナマル サンバツ,7o3x_anime,7438
981,Extreme Hearts,exh_official,7361
982,Phantom in the Twilight,phantowa_anime,7284
983,宇宙戦艦ティラミス,tiramisu_anime,7181
984,ハクション大魔王２０２０,hakushon_ytv,7180
985,石膏ボーイズ,sekkoboys,7168
986,アトム ザ・ビギニング,atomtb_anime,7137
987,真・中華一番！第二期,shin_chuichi,7102
988,12歳。～ちっちゃなムネのトキメキ～ セカンドシーズン,12sai_PR,7101
989,Classroom☆Crisis,clcr_project,7092
990,異世界居酒屋 古都アイテーリアの居酒屋のぶ,isekaiizakaya,7086
991,星刻の竜騎士,doragner_anime,7008
992,将国のアルタイル,pj_altair,6996
993,18if,18if_anime,6992
994,ヒーラー・ガール,HealerGirlAnime,6978
995,おしえて北斎！‐THE ANIMATION-,hokusai_anime,6936
996,ランス・アンド・マスクス,anime_lance,6927
997,胡蝶綺 ～若き信長～,wakanobu_anime,6927
998,LOST SONG,lostsonganime,6921
999,迷宮ブラックカンパニー,meikyubc_anime,6919
1000,神田川JET GIRLS,kjgpjt,6907
1001,あかねさす少女,akanesasu_shojo,6903
1002,UQ HOLDER!～魔法先生ネギま！2～,UQHOLDER_anime,6895
1003,世界の終わりに柴犬と,sekashiba_anime,6894
1004,魔法戦争,anime_mahosen,6829
1005,ありすorありす,ALICE_or_ALICE_,6751
1006,RAIL WARS!,rw_anime,6743
1007,厨病激発ボーイ,chubyou_p,6709
1008,キャプテン・アース,CaptainEarth_PR,6666
1009,シュヴァルツェスマーケン,schwaken_anime,6662
1010,戦国鳥獣戯画,SENGOKUCHOJYU,6630
1011,奇異太郎少年の妖怪絵日記,kiitaro_anime,6562
1012,バジリスク～桜花忍法帖～,basiliskouka,6551
1013,潔癖男子！青山くん,megane_sinsi_z,6549
1014,百錬の覇王と聖約の戦乙女,hyakuren_anime,6536
1015,ちみも,chimimo_anime,6530
1016,サムライフラメンコ,samumenco,6526
1017,あにトレ！XX～ひとつ屋根の下で～,anitore_ex,6506
1018,すべてがFになる THE PERFECT INSIDER,f_noitamina,6505
1019,キラキラハッピー★ ひらけ！ここたま,anime_cocotama,6504
1020,深夜！天才バカボン,shinya_bakabon,6498
1021,南鎌倉高校女子自転車部,minakama_anime,6476
1022,無限の住人-IMMORTAL-,mugen_immortal,6474
1023,W'z(ウィズ),wz_anime,6453
1024,あおおに ～じ・あにめぇしょん～,aooni_anime,6430
1025,グリムノーツ The Animation,grimmsnotes_ta,6419
1026,中間管理録トネガワ,Tonegawa_Anime,6344
1027,カブキブ！,kabukibu,6342
1028,つうかあ,twocartv,6340
1029,ワガママハイスペック,wagamamahs,6315
1030,枕男子,makuranodanshi,6313
1031,旦那が何を言っているかわからない件,anime_danna,6288
1032,音楽少女,ongaku_shoujo,6229
1033,ヴァルキリードライヴ マーメイド,valkyriedrive,6223
1034,コメット・ルシファー,cometlucifer,6219
1035,ノー・ガンズ・ライフ,noguns_anime,6172
1036,逆転世界ノ電池少女,denchi_project,6117
1037,ロボットガールズZプラス,robot_girls_z,6102
1038,影鰐 KAGEWANI,anime_kagewani,6068
1039,INGRESS THE ANIMATION,IngressAnime,6029
1040,働くお兄さん！,hataoni,6013
1041,ライフル・イズ・ビューティフル,rib_anime,5970
1042,あっくんとカノジョ,akkano_anime,5963
1043,Dimension W,Dimension_W,5952
1044,クラシカロイド,nhkclassicaloid,5885
1045,CONCEPTION,conceptionanime,5878
1046,キングスレイド 意志を継ぐものたち,kingsraid_anime,5790
1047,Butlers～千年百年物語～,butlers_anime,5776
1048,ちるらん にぶんの壱,chiruran_anime,5752
1049,エガオノダイカ,egaonodaika,5684
1050,お酒は夫婦になってから,osakefufu,5657
1051,ユリシーズ ジャンヌ・ダルクと錬金の騎士,anime_ulysses,5596
1052,女子かう生,joshikau_anime,5592
1053,大家さんは思春期！,ooyasan_anime,5584
1054,キリングバイツ,KB_anime,5573
1055,犬神さんと猫山さん,anime_inuneko,5568
1056,錆色のアーマ-黎明-,armors_anime,5555
1057,あいまいみー第二幕！,anime_aimaimi,5503
1058,いたずらぐまのグル～ミ～,official_gloomy,5503
1059,されど罪人は竜と踊る,sareryu_anime,5471
1060,ノブナガ先生の幼な妻,nobutsuma_anime,5461
1061,真・一騎当千,Animeikkitousen,5438
1062,咲う アルスノトリア すんっ！,arsno_anime,5427
1063,トライナイツ,try_knights,5403
1064,ヤング ブラック・ジャック,anime_ybj,5342
1065,魔法少女特殊戦あすか,MGSO_asuka,5338
1066,雨色ココア Rainy Colorへようこそ！(第2期),rainy_cocoa,5329
1067,B: The Beginning,b_the_beginning,5297
1068,王様ゲーム The Animation,kingsgame_pr,5295
1069,アクションヒロイン チアフルーツ,cfru_tokisai,5272
1070,セントールの悩み,Centaur_anime,5229
1071,ナゾトキネ,nazotokine,5200
1072,おにぱん！,tv_anime_onipan,5181
1073,バトルアスリーテス大運動会 ReSTART!,daiundokai_r,5152
1074,Dimension ハイスクール,dimension_hs,5138
1075,コンビニカレシ,cvk_kd,5128
1076,聖剣使いの禁呪詠唱＜ワールドブレイク＞,warubure,5122
1077,Back Street Girls -ゴクドルズ-,inuganekikaku,5095
1078,夜ノヤッターマン,yoru_yatterman,5049
1079,THE GOD OF HIGH SCHOOL,GohAnimeJP,5033
1080,Shenmue the Animation,shenmue_anime,5020
1081,はてな☆イリュージョン,hatena_anime,4958
1082,天空侵犯,tenkuu_PR,4892
1083,爆丸バトルプラネット,bakugan_jp,4822
1084,むさしの！,musasi_no,4787
1085,コタローは1人暮らし,kotaro1_anime,4762
1086,アイドルメモリーズ,idolmemories_PR,4752
1087,Hi ☆ sCoool ! セハガール,SHG_Official,4747
1088,霊剣山 星屑たちの宴,Reikenzan,4701
1089,まけるな!! あくのぐんだん!,akunogundan,4666
1090,CIRCLET PRINCESS(サークレット・プリンセス),cirpri_anime,4590
1091,この男子、魔法がお仕事です。,konodan_project,4588
1092,アキンド星のリトル・ペソ,LINE_PESO_JP,4523
1093,ケイオスドラゴン 赤竜戦役,chaosdragon_red,4522
1094,直感×アルゴリズム♪,algorithm_jc,4510
1095,戦国BASARA Judge End,basara_je,4498
1096,RobiHachi,RobiHachi_anime,4470
1097,東京ESP,tokyoesp_anime,4396
1098,超可動ガール1/6,choukadou_anime,4351
1099,美少女遊戯ユニット クレーンゲール Galaxy,cranegamegirls,4345
1100,ARP Backstage Pass,arp_anime,4342
1101,バーナード嬢曰く。,anime_bernard,4279
1102,失われた未来を求めて,waremete_anime,4257
1103,立花館ToLieあんぐる,tachibana_kan,4228
1104,一人之下 the outcast,hitorinoshita,4206
1105,デュエル・マスターズ キングMAX,duema_anime,4205
1106,純潔のマリア,JunketsuMariaTV,4158
1107,ビキニ・ウォリアーズ,bikiniwarriors,4134
1108,聖戦ケルベロス 竜刻のファタリテ,cerberus_anime,4127
1109,健全ロボダイミダラー,midara_anime,4109
1110,Cutie Honey Universe,CutieHoney_U,4088
1111,ピーター・グリルと賢者の時間,petergrillanime,4068
1112,MUTEKING THE Dancing HERO,MUTEKING2021,3986
1113,SUPER SHIRO,supershiro_info,3978
1114,ID-0,ID_0_anime,3940
1115,タイムボカン24 逆襲の三悪人,timebokan_3aku,3935
1116,アクエリオンロゴス,AQlogos,3930
1117,ピアシェ～私のイタリアン～,piace_anime,3923
1118,ゲキドル,gekidol_anime,3900
1119,でーじミーツガール,dejimeetsgirl,3889
1120,小森さんは断れない！,komori_anime,3849
1121,つくもがみ貸します,tsukumogami_tv,3825
1122,奴隷区-The Animation-,doreiku_anime,3824
1123,マジカパーティ(MAZICA PARTY),mazica_party,3763
1124,ぬるぺた,nullpeta,3748
1125,ラブ米(ラブコメ)-WE LOVE RICE-,lovekome_anime,3732
1126,A.I.C.O. incarnation,Project_AICO,3728
1127,ワカコ酒,anime_wakakozak,3676
1128,URAHARA,urhr_pt,3651
1129,永遠の831,eienno831,3648
1130,僧侶と交わる色欲の夜に…,souryo_anime,3575
1131,ロード オブ ヴァーミリオン 紅蓮の王,LoVanimation,3544
1132,兄に付ける薬はない！3-快把我哥帯走3-,anitsuke_info,3512
1133,白銀の意思 アルジェヴォルン,ARGEVOLLEN,3494
1134,トリアージX(イクス),triagex,3462
1135,ダイナ荘びより,dinosaur_biyori,3430
1136,トミカハイパーレスキュー ドライブヘッド 機動救急警察,tbs_dh,3409
1137,禍つヴァールハイト -ZUERST-,magatsu_anime,3406
1138,社長、バトルの時間です！,schbt_anime,3400
1139,お昼のショッカーさん,Shocker_SAN1111,3360
1140,ひめゴト,himegoto_anime,3346
1141,テスラノート,teslanote,3346
1142,まえせつ！,maesetsu_anime,3343
1143,OZMAFIA!!,OZMAFIAanime,3325
1144,おこしやす、ちとせちゃん,chitose_anime,3247
1145,アンゴルモア 元寇合戦記,angolmois_anime,3105
1146,キャップ革命 ボトルマンDX,bottleman_info,3071
1147,ISUCA,isuca_official,3068
1148,スカートの中はケダモノでした,sukakeda_anime,3057
1149,蒼天の拳 REGENESIS,soutenregenesis,3032
1150,実験品家族 -クリーチャーズ・ファミリー・デイズ-,jikkenhin,2977
1151,日本沈没2020,japansinks2020,2965
1152,フランチェスカ,francesca_hb,2945
1153,なつなぐ！,NatsunaguPR,2935
1154,時間の支配者,chronos_PR,2934
1155,走り続けてよかったって。,hashiyoka,2923
1156,ジビエート,gibiateproject,2874
1157,臨死!!江古田ちゃん,ekodachan_anime,2794
1158,温泉幼精ハコネちゃん,onsenyosei,2678
1159,おとなの防具屋さん(第2期),otonabougu,2672
1160,どすこいすしずもう,sushisumo_jp,2648
1161,ナースウィッチ小麦ちゃんR,KomugichanR,2642
1162,幻想三國誌 -天元霊心記-,gensou_3gokushi,2638
1163,縁結びの妖狐ちゃん,enmusuyouko,2634
1164,ラディアン,nep_radiant,2624
1165,ユーレイデコ,YUREIDECO,2605
1166,その時、カノジョは。,snkn_pj,2596
1167,M３ ～ソノ黒キ鋼～,M3_anime,2580
1168,ガンスリンガー ストラトス,guns_project_17,2548
1169,踏切時間,fumikiri_anime,2545
1170,ミリオンドール,million_doll,2520
1171,セスタス -The Roman Fighter-,cestvs_anime,2425
1172,かえるのピクルス - きもちのいろ -,pickles_anime,2404
1173,カイトアンサ,kaitoansa,2352
1174,鬼平,onihei_anime,2337
1175,不思議なソメラちゃん,anime_somera,2267
1176,お前はまだグンマを知らない,omagun_anime,2204
1177,RErideD－刻越えのデリダ－,Derrida_2060,2028
1178,VENUS PROJECT ―CLIMAX―,formula_venus,1998
1179,愛・天地無用！,ai_tenchi,1984
1180,DD北斗の拳2,DDhokuto_anime,1952
1181,おじさんとマシュマロ,anime_ojms,1939
1182,みんな集まれ！ファルコム学園SC,falgaku_anime,1926
1183,Bloodivores(ブラッディヴォーレス),bloodivores,1921
1184,お見合い相手は教え子、強気な、問題児。,omitsuyo_anime,1870
1185,でびどる！,AnimeDevidol,1732
1186,銀の墓守り(ガーディアン),ginno_guardian,1643
1187,超・少年探偵団NEO,tanteidan_NEO,1628
1188,ジモトがジャパン,jimoto_anime,1610
1189,ROBO MASTERS THE ANIMATION SERIES,robomas_anime,1586
1190,最響カミズモード！,kamizmode,1578
1191,フライングベイビーズ,hulaingbabies,1568
1192,Bラッパーズ ストリート,BRS_PR,1567
1193,アイドールズ！,wsy_idolls,1468
1194,クリオネの灯り,clionenoakari,1449
1195,群青のマグメル,magmell_anime,1421
1196,ルガーコード 1951,animax_seiyuu,1402
1197,其れ、則ちスケッチ。,SketchSore,1321
1198,俺たちゃ妖怪人間,bem_50th,1291
1199,侍霊演武 SOUL BUSTER,SOULBUSTER_,1283
1200,オンエアできない！,oadekinai,1176
1201,てれびあにめ大正メビウスラインちっちゃいさん,chicchaisan,1102
1202,グラゼニ,sptv_gurazeni,1102
1203,SUSHI POLICE,SushiPoliceJP,1022
1204,エタニティ ～深夜の濡恋ちゃんねる♡〜,Eternity_Anime,1004
1205,ほら、耳がみえてるよ！,horamimi_anime,974
1206,HERO MASK,heromask_anime,964
1207,5億年ボタン～菅原そうたのショートショート～,500000000button,864
1208,モモキュンソード,momokyun01,856
1209,VAMPIRE HOLMES(ヴァンパイアホームズ),VAMPIRE_HOLMES,833
1210,gdメン gdgd men's party,gdmen2018,803
1211,博多明太！ぴりからこちゃん,Pirikarakochan,746
1212,無責任ギャラクシー☆タイラー,anime_musekinin,743
1213,爆釣バーハンター,barhunter_off,743
1214,悪偶 -天才人形-,aguu_anime,738
1215,狐狸之声,kitsune2018,732
1216,まめねこ,anime_mameneko,687
1217,電波教師,denpa_kyoshi,617
1218,われしょ！～我ら！小動物愛護委員会～,eifami,503
1219,Charlotte(シャーロット),Charlotte_AB_,233
1220,金田一少年の事件簿R(2期),animekindaichiR,226
1221,スペースバグ,Spacebug_jp,215
1222,逆転裁判,anime_gyakuten,179
1223,美少女戦士セーラームーンCrystal,sailormoon_20th,124
1224,プリパラ 2期,pripara_PR,110
1225,ぼのぼの,BONOBONO_phx,30
1226,ぱすてるメモリーズ,pasumemo,14
1227,浦和の調ちゃん,urawa_usagi,11
1228,ルパン三世,lupinIII_4th,5
1229,タイムボカン24(トゥエンティーフォー),timebokan_24,3
1230,けものフレンズプロジェクト,kemo_anime,0